2018-05-16 19:33:46,b'@MayorSamAbed Good Afternoon! Great job in @Escondido_CA and thanks for supporting @realDonaldTrump and his\xe2\x80\xa6 https://t.co/bX2z43infH'
2018-05-16 19:21:16,b'@realDonaldTrump he has been deported 4 times! #BuildTheWall #SanctuaryCities @DonaldJTrumpJr @BridgetKF30\xe2\x80\xa6 https://t.co/xfaWVHRKtX'
2018-05-16 18:59:47,b'Dirty dealings at the border \n#immigration https://t.co/mc03gBL1Uy'
2018-05-16 18:58:13,b'@alohabrianb @SenKamalaHarris @RepJayapal @alohabrianb WHAT A PERFECT TWEET. I NOMINATE THIS TWEET FOR \xe2\x80\x9cTWEET OF TH\xe2\x80\xa6 https://t.co/NPdj29rMZd'
2018-05-16 18:55:13,"b""Threatening to call ICE on someone (for merely expressing a culture that isn't yours, or for any other reason) does\xe2\x80\xa6 https://t.co/x58XG32a7k"""
2018-05-16 18:27:28,b'Oh my Gawd! This is very bad! #BuildTheWall NOW! Do we want to be protecting our boarder like #Israel has to?\xe2\x80\xa6 https://t.co/AtNAzMMO1n'
2018-05-16 18:26:58,b'Not for long \xf0\x9f\x94\xae#buildthedome #immigration #StrengerForMayor #NowGoHome https://t.co/tyknuN6nAu'
2018-05-16 18:04:33,"b""@SenKamalaHarris @RepJayapal Let's try #BuildTheWallNow and keep #IllegalAliens out of our country!\n\nAs a #Senator,\xe2\x80\xa6 https://t.co/ojb8J1yalm"""
2018-05-16 17:55:36,b'Steps for Ensuring Gender-Responsive Access to Services and to Justice in the Global Compact  for Migration\xe2\x80\xa6 https://t.co/cfLWC73cZd'
2018-05-16 17:46:54,b'I spent a week in #immigration court for this news feature and a future cover story for @CityWeekly. Here\xe2\x80\x99s a threa\xe2\x80\xa6 https://t.co/oW3HzCy9Ad'
2018-05-16 17:30:57,"b'Watch this idiot, #MichaelWilliams who is spilling hate speech toward #immigrants and #Mexicans. He wants to be gov\xe2\x80\xa6 https://t.co/MHYoUI3Hfe'"
2018-05-16 16:52:01,"b'Another day, another racist politician to protest in Georgia. #gapol #atlpol #welcomerefugees #Immigration #GAGov https://t.co/KzS2d6C3xm'"
2018-05-16 16:40:30,"b'While absolute number of migrants is rising, as a % of global population the level has stayed roughly stable. Patte\xe2\x80\xa6 https://t.co/fA6oXK7qGi'"
2018-05-16 16:35:26,"b""@populistvoice Thx &amp; that's a big lesson #globalists - especially in #conservatives' ranks - keep ignoring:  The mo\xe2\x80\xa6 https://t.co/ljp7Lxjjdx"""
2018-05-16 16:26:00,"b'@realDonaldTrump ""...and yes, we will build the wall!""\xf0\x9f\x91\x8f #BuildTheWall https://t.co/eztq5WYrAu'"
2018-05-16 16:20:17,"b'Interesting discussion on regularisation at Global Compact on #Migration - some see it as a pull factor, some as th\xe2\x80\xa6 https://t.co/Ztp5ZJwQhb'"
2018-05-16 16:14:00,b'@realDonaldTrump !!BUILD THE WALL!!\n\nTHE #1 PROBLEM IN THE WORLD TODAY IS OVERPOPULATION... USA CANNOT SUPPORT MORE\xe2\x80\xa6 https://t.co/gMpvX8nQ9S'
2018-05-16 16:03:40,"b'Thank you Governor @JohnKasich ""I know it might strike some as strange to say \xe2\x80\x9cwelcome\xe2\x80\x9d to new arrivals at a time w\xe2\x80\xa6 https://t.co/NBsykkDTej'"
2018-05-16 16:02:02,"b'@AlexNowrasteh @CatoInstitute Sorry, but even the lefty #globalist elitists at @NPR concld that ""Americans are divi\xe2\x80\xa6 https://t.co/luARRxYiop'"
2018-05-16 15:55:39,"b'Kamala Harris, who is so annoyingly arrogant, seems confused how laws work for all ppl in the US. Children are take\xe2\x80\xa6 https://t.co/h4maLJ4Sky'"
2018-05-16 15:21:10,b'@TheView didn\xe2\x80\x99t Italian &amp; Chinese immigrants bring the Mafia and Triads with them? We don\xe2\x80\x99t deport or block EVERYON\xe2\x80\xa6 https://t.co/EbnihuPoxT'
2018-05-16 14:38:11,b'This is not what America should be. #Immigration https://t.co/hv0tOSX5Jc'
2018-05-16 14:23:37,"b"".@PressSec  #Immigration  It's NOT complicated.  We have spent $TRILLIONS on unneeded immigrants &amp; their GENERATION\xe2\x80\xa6 https://t.co/cAh2JhIHuk"""
2018-05-16 14:06:11,"b'Yup, understand the need for contingency plan in Najib\xe2\x80\x99s case. Thanks for your input! :) #travelban https://t.co/rDyYhTpMsN'"
2018-05-16 13:02:04,b'Who wants to protest the deportation bus with me? #deportation #atlanta #immigrationreform'
2018-05-16 12:49:47,"b'136 years ago, an entire race of people were officially banned from the U.S.. in May, 1882. My site looks at how th\xe2\x80\xa6 https://t.co/6b38f6JwQc'"
2018-05-16 12:48:18,"b'@ConservaCatGal Broke or not, I imagine those personally affected by illegal aliens due to rape, murder, etc...don\xe2\x80\x99\xe2\x80\xa6 https://t.co/iIpq20QE6E'"
2018-05-16 12:36:07,b'@realDonaldTrump where is the wall? Are you a liar? Are you no better then the rest of the swamp? Where is the wall\xe2\x80\xa6 https://t.co/PYc5uiz3b1'
2018-05-16 12:00:20,b'@SenFeinstein Your creating a false narrative. What good parent would let their children travel alone?  The answer\xe2\x80\xa6 https://t.co/I8hANUSv6J'
2018-05-16 10:32:57,b'They spoke out against immigrants. So she unearthed their own immigrant ancestors\n#DonaldTrump\n#Immigration\nhttps://t.co/IzlT3qn27Z'
2018-05-16 08:34:44,b'Wouldn\xe2\x80\x99t it be ...interesting ... if North Korea refused to meet with Trump until the US stopped its human rights a\xe2\x80\xa6 https://t.co/H6x7diWhHt'
2018-05-16 07:39:55,"b'#Magento 2 has really surpassed all the expectations. With @magento 2, a successful eCommerce website is not far fe\xe2\x80\xa6 https://t.co/h6i80vybvf'"
2018-05-16 07:14:39,b'@ShowboatBob @immike22 @MAGAlover99 @RaggedyAnn2000 @DianneInIndiana @Cevil3TG @Realcharliemon @atrumpnation\xe2\x80\xa6 https://t.co/Rl6s4a0vde'
2018-05-16 05:28:06,b'This is the sound of #journalists building a strong source list. Tonight\xe2\x80\x99s speed-dating @PublicNarrative event to u\xe2\x80\xa6 https://t.co/2LRZTNAqrP'
2018-05-16 05:19:30,b'In sanctuary cities such as Chicago ICE arrests are lower than in those who are not sanctuary cities. Two years ago\xe2\x80\xa6 https://t.co/Vjc3h6sL0t'
2018-05-16 02:59:45,"b'According to an email notification sent to Pentagon staffers, #HHS will make site visits at 4 military installation\xe2\x80\xa6 https://t.co/gkrkha4m2V'"
2018-05-16 02:45:52,"b""@RealBobAxelrod @LookAtThatHeed @realDonaldTrump Our @POTUS is full of love. God bless our #GoldStarFamilies.\nLet's\xe2\x80\xa6 https://t.co/u1kKNkCuxo"""
2018-05-16 02:25:09,b'More like the Interment Camps which were beyond shameful. This reeks of 19th century workhouses for poor orphans. P\xe2\x80\xa6 https://t.co/VhgW7qDBW1'
2018-05-16 02:18:56,b'@GOP @GOPChairwoman WTHELL IS THIS #DISCHARGEPetition!!!!!!!Get ur act 2gether or face a Revolt of the base. #HOW S\xe2\x80\xa6 https://t.co/9PaAd2KR67'
2018-05-16 01:45:09,b'#BikesAgainstDeportation\nThu 5/17 (each 3rd Thu) 5-6p\n\xf0\x9f\x9a\xb4\xf0\x9f\x8f\xbf\xe2\x80\x8d\xe2\x99\x80\xef\xb8\x8f\xf0\x9f\x9a\xb4\xf0\x9f\x8f\xbcfor #FREEDOM!\n#bikenyc\nSlow the mass #deportation of f\xe2\x80\xa6 https://t.co/5I3oBCG4RH'
2018-05-16 01:37:54,b'#liberalmedia #NYDailyNews #cnn support #IllegalAliens #Terrorists #Mexico #Hamas over #America'
2018-05-16 01:18:40,"b""#Liberal logic (an #oxymoron), says: we can't enforce our #immigration #laws b/c then #illegals would be afraid of\xe2\x80\xa6 https://t.co/EZ1tc1Ge5R"""
2018-05-16 01:11:12,b'Breaking up families is an #inhumane practice to include as a part of sound #ImmigrationReform. \xf0\x9f\x98\xa0 https://t.co/qvVsIoZIgH'
2018-05-16 00:58:55,b'.@RokhayaDiallo\xe2\x80\x99s call to change perception on #migration.\n\nThanks @IOMROWCA for the translation in English!\xe2\x80\xa6 https://t.co/jjqtPuEgBn'
2018-05-16 00:29:12,"b'.@JxnFreePress #Op #JoeAtkins #immigration &amp; the #FirstAmendment MT ""Jena Louisiana which FatherMichaelMcAndrew, wh\xe2\x80\xa6 https://t.co/VWCqoXvZ2Z'"
2018-05-16 00:26:20,"b'Hey college students protesting for illegal immigrants, are you aware of the cost &amp; process it takes for legal immi\xe2\x80\xa6 https://t.co/VfP1M5pB9F'"
2018-05-16 00:20:10,b'@Jorge_Elorza That\xe2\x80\x99s just criminal. Literally. Come here legally or go home. I\xe2\x80\x99m disgusted that you run a sanctuary\xe2\x80\xa6 https://t.co/2bB7cDreMG'
2018-05-16 00:12:00,b'\xe2\x80\x9cThe mental health crisis amongst #immigrants is profound and people are afraid to talk about it.\xe2\x80\x9d It is also profo\xe2\x80\xa6 https://t.co/YSCAAOyzzI'
2018-05-16 00:09:14,"b'\xe2\x80\x9cVery few people are going to voluntarily return,\xe2\x80\x9d @ALIANZAAMERICAS \xe2\x80\x9cThese are people with deep roots in this count\xe2\x80\xa6 https://t.co/u0Sabfmnb9'"
2018-05-16 00:02:41,"b'The Adm is not on track to meet its goals for 2018 refugees. It should be about 20,000 down from more that 100,000\xe2\x80\xa6 https://t.co/cozRnGmEKy'"
2018-05-15 23:52:40,b'There are 2000 Honduran children in Chicago who will in in \xe2\x80\x9cimminent danger\xe2\x80\x9d in the next 12-18 months when the refu\xe2\x80\xa6 https://t.co/N1yrkuM5Dv'
2018-05-15 23:40:31,b'Second #project - @ridedart #DSMUSA @theGDMLI Activate! Community Leadership Program 2018 Showcase. #Refugees\xe2\x80\xa6 https://t.co/fYbrnRJSF7'
2018-05-15 22:48:21,"b'So true: #Immigrants of today aren\xe2\x80\x99t the same as immigrants of yesteryear, nor are the situations.\xe2\x80\xa6 https://t.co/EglWBIgTCc'"
2018-05-15 22:21:49,"b""@charliekirk11 Can't WAIT for the Wall to be Built!  Living in a Border State you all have NO CLUE what is happenin\xe2\x80\xa6 https://t.co/7LXEvBeQiZ"""
2018-05-15 22:20:28,"b'Ray Lahoud and Norrris, McLaughlin keep making it happen in #immigration Practice. https://t.co/8Cs1W9s0b3'"
2018-05-15 21:51:57,b'@BrianKempGA LOVE this ad!! Proud #NRAMember #2AShallNotBeInfringed #LockNLoad #Conservative #BuildTheWall \xf0\x9f\x87\xba\xf0\x9f\x87\xb8\xf0\x9f\x87\xba\xf0\x9f\x87\xb8'
2018-05-15 21:37:05,b'Now #JeffSessions has decided to make #Immigration decisions? We will not accept this. #keepfamiliestogether\xe2\x80\xa6 https://t.co/CyqawrOmmJ'
2018-05-15 21:22:44,"b'@bigleaguepol @DNC WANT SOCIALIST AUTHORITARIAN DICTATORSHIP, LIKE #CALIFORNIA, ACROSS #USA! TAXATION &amp; IMPRISONMEN\xe2\x80\xa6 https://t.co/g06C1SgKzX'"
2018-05-15 21:16:43,b'@Amy_Siskind Is there no end to the callous disregard for human dignity in this Administration?\xe2\x80\xa6 https://t.co/2gBdOjOsuv'
2018-05-15 20:59:17,"b'[MEET THE EXPERT] Not familiar yet with the latest immigration rules in the U.S.? Come at the #FACCSF on May, 31th\xe2\x80\xa6 https://t.co/KrwjX7AAKt'"
2018-05-15 20:32:00,b'This candidate in Georgia is clearly an infantile copycat - trying to mimic the way @realDonaldTrump won. Clueless\xe2\x80\xa6 https://t.co/1a4Pg8vkjj'
2018-05-15 20:24:47,b'Is it just me or does the current US government find another people group to cast out/marginalize/cut off each day?\xe2\x80\xa6 https://t.co/arygCs0JCr'
2018-05-15 19:51:34,b'The real #OpioidCrisis is illegal heroin &amp; Fentanyl! @realDonaldTrump campaigned on eradicating illegal drugs. He e\xe2\x80\xa6 https://t.co/0VuSDsmNix'
2018-05-15 19:51:06,"b'Marco, my spouse\xe2\x80\xa6We met and fell in love 6 years ago. We\xe2\x80\x99ve been married for four years\xe2\x80\x94we built a home together he\xe2\x80\xa6 https://t.co/YnrbJto3Qd'"
2018-05-15 19:42:34,"b'@TomiLahren Immigrations in your family too , #German speaking non assimilating #Immigrants \xf0\x9f\x98\x92 https://t.co/xwQ57oDWIM'"
2018-05-15 19:39:03,b'Ellis Island. #Immigrants #Freedom #Liberty #Peace #History #NewYork\xe2\x80\xa6 https://t.co/vkDXx0pkcg'
2018-05-15 19:23:59,b'Our country was built by immigrants and we are all dependents of those that were welcomed here. Thanks @JohnKasich\xe2\x80\xa6 https://t.co/bBT6L4K8BZ'
2018-05-15 18:59:03,b'#DACA supporters stage a rally in front of the U.S. Ninth Circuit Court of Appeals in #Pasadena. White House attorn\xe2\x80\xa6 https://t.co/0gB71HerMx'
2018-05-15 18:49:16,"b'Best project in the world \xf0\x9f\x8c\x8e $800K 2 bdr, Paramount. EB5 residence. For showing and info on other Pre-construction i\xe2\x80\xa6 https://t.co/u24FqO3s2f'"
2018-05-15 18:33:40,"b'Underwood calls @NewYorkStateAG \xe2\x80\x98s efforts to fight several of @realDonaldTrump \xe2\x80\x98s policies, including the\xe2\x80\xa6 https://t.co/bwit1rwL2c'"
2018-05-15 18:32:21,"b""@FoxNews It's #FakeNews from #ZTE. A news story about #MakeChinaGreatAgain and how #ChinaDailyCartoon can steal\xe2\x80\xa6 https://t.co/aQPAOqQUCP"""
2018-05-15 18:30:25,b'Join me @fbncountdown @FoxBusiness today 3pmET. Excited to speak w/ @RepMcSally from my former home AZ #DACA\xe2\x80\xa6 https://t.co/Ti32efrGku'
2018-05-15 18:25:11,b'#DHS draft signal Trump admin considering detaining families for longer periods &amp; subjecting #UnaccompaniedMinors t\xe2\x80\xa6 https://t.co/ogYugBNzLa'
2018-05-15 18:18:30,b'Troops operating and monitoring high-tech surveillance equipment along #border prohibited from using it to look int\xe2\x80\xa6 https://t.co/oiWbTDBTvf'
2018-05-15 18:14:30,"b'It\xe2\x80\x99s a long thread, but I want my fellow white Christians to ask themselves: why has almost every interaction I or\xe2\x80\xa6 https://t.co/DJg4NtC2Qt'"
2018-05-15 18:05:29,b'Marta came and sat for me today #womensart #portrait #Immigrants https://t.co/qpUDm1uFZS'
2018-05-15 18:03:47,"b'@ArizonaKayte @RubenNavarrette They are ILLEGAL, they have ZERO rights to ANYTHING including understanding.\xe2\x80\xa6 https://t.co/OMn8hMSI1g'"
2018-05-15 17:12:02,"b'@GOPChairwoman, never giving $ 2 @GOP, unless @SenateGOP @SenateMajLdr changes #Senate rules! perm #TaxCuts\xe2\x80\xa6 https://t.co/qTasYqM02O'"
2018-05-15 16:58:54,"b'@ICEgov Keep up the good work, search every bus station, buses everywhere, households, check K-12 Schools, all coll\xe2\x80\xa6 https://t.co/fOUDbvMgW5'"
2018-05-15 16:55:20,b'Eastern Phoebe 05.12.2018 #birding #migrants #migration #summer #flycatcher https://t.co/xoUHRUkPre'
2018-05-15 16:50:59,"b'#AmILying?\nAvailable soon on https://t.co/vkP95Gm9X3\nWholesale shirts, posters, stickers: info@badwinds.com\xe2\x80\xa6 https://t.co/wv1zZFti2Z'"
2018-05-15 16:41:57,b'@AGBecerra Almost Everything out of Mexico is bad Including the Tijuana river! #BuildTheWall'
2018-05-15 16:28:11,"b'@MarkSteynOnline @rushlimbaugh I\xe2\x80\x99m finding myself discombobulated, due to this shifty &amp; sinister foreign guest host\xe2\x80\xa6 https://t.co/rh3YPcwz2T'"
2018-05-15 15:35:42,b'@HillaryClinton &amp; @BarackObama \nare pushing resistance against\n@realDonaldTrump agenda. #WakeUp\npeople. Trump has l\xe2\x80\xa6 https://t.co/dRV4sRyBla'
2018-05-15 15:28:37,"b'https://t.co/St1ftTRkcS an issue as complicated as #immigration, they ought to fiddle responsibly.'"
2018-05-15 15:22:29,b'#Migration Global Compact inter governmental negotiations continue today @UN finalizing review of Zero Draft.'
2018-05-15 14:34:11,b'This guy is a whole levels of cray cray. \n\nI am hoping that he gets arrested for vigilante justice under the guise\xe2\x80\xa6 https://t.co/nbDpTuLD4u'
2018-05-15 14:28:42,b'Again I watched every rally &amp; U campaigned on ridding America of illegal drugs pouring thru the border-going 2 NH 2\xe2\x80\xa6 https://t.co/2r8eyccCP5'
2018-05-15 14:25:36,b'@realDonaldTrump @POTUS Limiting pxs 4 law abiding citizens who are true #ChronicPain patients=the beginning of soc\xe2\x80\xa6 https://t.co/eGYw24NdvQ'
2018-05-15 13:37:27,"b'Anyone, like @jonathanchait, who considers #Trump\'s #rulesoforigin &amp; dispute resolution proposals ""minor tweaks"" fo\xe2\x80\xa6 https://t.co/WU6XwpVKOX'"
2018-05-15 13:02:50,b'Senator Bill Cassidy: #BuildTheWall  \xe2\x80\x94 and Make the Cartels Pay for It | Breitbart https://t.co/uYcX64TqUX'
2018-05-15 12:46:41,"b'#sportsgambling decision may have ramifications 4 #immigration debate, according to analysis by @AP https://t.co/lHg6BB4nhe'"
2018-05-15 12:14:02,b'@Scaramucci @EllisIsland #immigration \xf0\x9f\x97\xbd\nHis son went on to build the Verrazano-Narrows Bridge.\n@Scaramucci is a\xe2\x80\xa6 https://t.co/RAkY3nIj0k'
2018-05-15 11:53:03,b'@LydiaLynn89 @SiddonsDan @Tell_Michelle_ #BuildTheWall is the litmus test for all Trump voters. There are a lot of\xe2\x80\xa6 https://t.co/D2gVyHvTIQ'
2018-05-15 09:07:56,b'Why You Can\xe2\x80\x99t Afford to Postpone #Magento 2 Migration Now? \n\n\xf0\x9f\x91\x89https://t.co/v7324U6hNH If you find these reasons con\xe2\x80\xa6 https://t.co/yZuE0skrk8'
2018-05-15 03:59:13,b'@AnnCoulter Exactly @realDonaldTrump We want 2 #DrainTheSwamp NOT give the swamp a second chance-Respond 2 me-I\xe2\x80\x99m a\xe2\x80\xa6 https://t.co/26Y4QKa6XS'
2018-05-15 03:46:02,b'ICE SHOULD BE AT THE BORDER!! What State law allows a person who is NOT a citizen to live there legally? Don\xe2\x80\x99t answ\xe2\x80\xa6 https://t.co/BrocJuEa91'
2018-05-15 03:16:01,"b'\xe2\x80\x9cThat incentive to make profit has really driven #immigration #detention in recent decades""\n\n\xe2\x80\x9cIn the most egregious\xe2\x80\xa6 https://t.co/yOkHyaAHKP'"
2018-05-15 03:08:26,"b'More than 9,000 #DACA #Dreamers have lost their status and are now at risk of #deportation.\n\nLawyers say some clien\xe2\x80\xa6 https://t.co/mPHk9T8YiX'"
2018-05-15 03:00:53,"b'\xe2\x80\x9cSeparation from family leaves children more vulnerable to exploitation &amp; abuse, no matter what the care setting...\xe2\x80\xa6 https://t.co/9WGrsDjMU4'"
2018-05-15 02:55:00,"b'#ImmigrationWorks USA, represents small- &amp; medium-size businesses, said ""rising tide of enforcement"" can hurt compa\xe2\x80\xa6 https://t.co/U82N6GjIH6'"
2018-05-15 02:43:17,b'Jeff #Sessions is exerting unprecedented control over #immigration courts \xe2\x80\x94by ruling on cases himself\n\nEven when a\xe2\x80\xa6 https://t.co/NiSKFMslia'
2018-05-15 02:35:57,"b'#USCIS announced Monday 8,543 people will have to return their Permanent Resident Cards, aka ""#GreenCards,"" because\xe2\x80\xa6 https://t.co/7Gyql0PhVh'"
2018-05-15 02:28:09,"b'\xe2\x80\x9cWhen people say that you can\xe2\x80\x99t just deport 11 million people, I think #Postville is a perfect example of why.\xe2\x80\x9d\n\nIn\xe2\x80\xa6 https://t.co/7sc269i7pv'"
2018-05-15 02:20:49,b'Looking big on birdcast tonight #VTbird #migration https://t.co/RSzPtszbuD https://t.co/liksZ7xoEj'
2018-05-15 02:20:26,b'A U.S. Army chaplain who served in Afghanistan is fighting to save his husband from #deportation after he was arres\xe2\x80\xa6 https://t.co/FSaKC1hcb9'
2018-05-15 02:16:31,"b""Caught on video: Father arrested at gunpoint by @ICEgov officers with riot gear\n\n#ICE grabbed 11-year-old girl's wr\xe2\x80\xa6 https://t.co/flkPy5uGH9"""
2018-05-15 02:09:02,"b'#Immigration is a beautiful thing, if you care to learn about and get to know the #Immigrants.'"
2018-05-15 02:08:00,"b""Our nation's moral authority is lost condoning Trump's #immigration barbarity.\n\n@ICEgov refuses to show a warrant,\xe2\x80\xa6 https://t.co/haBLdN2Oal"""
2018-05-15 02:07:22,b'OMFG! #BuildTheWall https://t.co/ZqWvkrV7Gn'
2018-05-15 01:59:56,b'@Clcrose53Rose @MissyJo79 Build d wall now before more ingrates fill our streets...\n\nFolks like those scumbags don\xe2\x80\x99\xe2\x80\xa6 https://t.co/0BMecuhC5R'
2018-05-15 01:23:16,b'Dear Future No Borders #Artists #Chicago #Immigrants #PeopleNow #MondayMotivation #Earth #gymlife #hypebeast\xe2\x80\xa6 https://t.co/LLOVvXpDrK'
2018-05-15 00:36:56,b'@MariaSalamancaM and @UnshackledUS support #innovation by supporting #immigrants. Find out how in @hanayang\xe2\x80\x99s lates\xe2\x80\xa6 https://t.co/BtYR4j0Tfg'
2018-05-15 00:26:57,b'@V_of_Europe This was so predictable. Why has it taken so long for some people to realize this? Even immigrants who\xe2\x80\xa6 https://t.co/rjbSQn0wAz'
2018-05-15 00:23:36,b'@seanhannity @POTUS How can this be Legal? https://t.co/GSbczHybRC #MAGA #AmericaFirst #BuildTheWall\xe2\x80\xa6 https://t.co/0ZXYrypk6X'
2018-05-15 00:01:02,b'The thought of border patrol agents separating families is heartbreaking. Further proof of the soulless nature of t\xe2\x80\xa6 https://t.co/jqvbeytPQo'
2018-05-14 23:27:38,"b'@kaitlancollins #Winning #MAGA #TrumpTrain  What could he possibly be doing better than he is currently?  Oh, I got one, #BuildTheWall'"
2018-05-14 23:24:41,b'We are tired of our families being separated. Children should not live in fear. #farmworkers #keepfamilestogether\xe2\x80\xa6 https://t.co/Iejz4fOK13'
2018-05-14 22:46:10,b'@AnimeOtaku1723 You have to show evidence of oppression #NotHoldingMtBreath #TooManyIdiots... sincerely from a brow\xe2\x80\xa6 https://t.co/6EzSPhZq99'
2018-05-14 22:25:37,"b""#showmethereceipts via @Complex: After Criticizing Immigrants, #TomiLahren's #Geneology (Researched by\xe2\x80\xa6 https://t.co/oHrtwVRZCW"""
2018-05-14 22:17:23,b'#showmethereceipts Via @thehill: #Genealogist @CleverTitleTK trolls #TomiLahren over comments on #immigrants\xe2\x80\xa6 https://t.co/9rwN7aaMTM'
2018-05-14 22:04:48,"b'@RagingGayCons I watched cops yesterday, they followed Border Patrol who caught a guy that was riding a freight tra\xe2\x80\xa6 https://t.co/fuvnrrUz6M'"
2018-05-14 21:17:28,b'@pjbowles4 @CriticaSinMiedo @jat1019 @jeffreycook1965 @Americanvet1219 @formulalol @SmythRadio @BrianPSmyth\xe2\x80\xa6 https://t.co/JHbnU6oNZ4'
2018-05-14 21:13:52,b'@pjbowles4 @Browns_Fan20 @GoNavy74 @gnclbrt @Johneri07354951 @mba382 @mlittle1946 @CrusherWinston @Ta2ewdRN\xe2\x80\xa6 https://t.co/0n549L5cbG'
2018-05-14 20:40:56,b'@DallasIrey @CombatFoodMedic @Dr_Kaco @ChristianBliven @jimspoda @jcpenni7maga @jb29pdx @sewwutnow @TXRedPilled\xe2\x80\xa6 https://t.co/tFMqO4eSZw'
2018-05-14 20:31:29,b'Legal representation for #deportation defense and other types of #immigration relief from https://t.co/D5oO9ob1tQ a\xe2\x80\xa6 https://t.co/XrxZpHOdJF'
2018-05-14 20:28:50,b'#PA5 Republicans have a choice tomorrow!  The Only America 1st Candidate Write In Joseph M. Billie or Dem Governor\xe2\x80\xa6 https://t.co/BF6Pg3sgij'
2018-05-14 20:19:20,b'@DevinNunes Gerry brown is a looney who needs to be prosecuted for crimes against the federal government!  His libe\xe2\x80\xa6 https://t.co/urmkoiLQr3'
2018-05-14 20:18:10,b'@ForeverLogical @realDonaldTrump You need to fact check your fact checker... cause it\xe2\x80\x99s broken and giving false fac\xe2\x80\xa6 https://t.co/iKDFCpFjxy'
2018-05-14 20:10:13,b'\xe2\x80\x9cThe New Colossus\xe2\x80\x9d \nby Emma Lazarus\n#Immigrants #ThisIsAmercia https://t.co/hzuTKgPMBo'
2018-05-14 20:09:51,b'@ForeverLogical @Zelkar @realDonaldTrump You need to fact check your fact checker... cause it\xe2\x80\x99s broken and giving f\xe2\x80\xa6 https://t.co/xIUgH4KOWc'
2018-05-14 20:09:49,"b'@MomsRising #LiftingOurNation #KeepMarching #immigration policy, protecting kids electronic data &amp; maternal mortali\xe2\x80\xa6 https://t.co/ezuSX6LtcI'"
2018-05-14 19:44:17,b'Only captured a few secs of this Bay-breasted Warbler with #SX60 #Video in our #SATX yard. #Migration https://t.co/9AB1dlWpoG'
2018-05-14 18:58:32,"b'Did you hear that, @KamalaHarris ?\n\n#BuildTheWall https://t.co/upc9xoRDv0'"
2018-05-14 17:40:23,"b""#DrainThatSwamp2018 CA. Don't let more of that swamp in!\nJOHN COX: \xe2\x80\x9cWE NEED MORE #IMMIGRATION.\xe2\x80\x9d \n1.1 MILLION plus 1\xe2\x80\xa6 https://t.co/vI7sk4aSjV"""
2018-05-14 17:29:38,b'Glad to see I\xe2\x80\x99m not the only one pissed off to see California politicians take my tax dollars and do as they please\xe2\x80\xa6 https://t.co/Nto2Nf1MxQ'
2018-05-14 15:21:08,"b'@TheView #Immigration Unless you are Native American, you and/or your ancestors were/are immigrants. Period.'"
2018-05-14 15:15:15,b'USCIS Sued Over H1B Visa Data by Federation for American Immigration Reform!!!\n#USCIS #H1B #visa #data #america\xe2\x80\xa6 https://t.co/Ohxi0QrZU0'
2018-05-14 14:02:23,b'Roots #Immigrants https://t.co/QaULMPPgBL'
2018-05-14 13:42:10,"b'@FoxNews @TomiLahren @WattersWorld People aren\xe2\x80\x99t coming to this country b/c it \xe2\x80\x9cfeels nice,\xe2\x80\x9d they\xe2\x80\x99re often fleeing\xe2\x80\xa6 https://t.co/cB4U3mMQik'"
2018-05-14 13:33:09,b'@perfectsliders @ShellyKennisto1 @CNN Best $150 I could spend!!! #BuildTheWall'
2018-05-14 13:23:10,b'Report: #Immigration Policies Hamper Fashion Industry Success https://t.co/Bb61Vhsc3s via @wwd'
2018-05-14 13:07:20,b'@yellowketchup57 @brokensports @The_Escape_Pod @BradyCenter Inability to enforce existing laws... Sort of like exis\xe2\x80\xa6 https://t.co/v6nc89kaF0'
2018-05-14 12:31:48,b'@DevinNunes #MAGA Build the botder wall between USA  &amp; CA.  Exclude them from the\nUNITED States Of America. Gov of\xe2\x80\xa6 https://t.co/EeX3UUqTC2'
2018-05-14 12:11:57,b'Points that are convincing enough to make you migrate your website from #Magento 1 to #Magento2\n\n\xf0\x9f\x91\x89\xe2\x80\xa6 https://t.co/lDzI3Sq5g9'
2018-05-14 11:43:40,"b'@CBSNews Psshh ~ That\'s a #BIGDUH headline - what issues aren\'t Americans ""separated"" on for crying out loud??\xe2\x80\xa6 https://t.co/rx8LCQfpSV'"
2018-05-14 10:50:43,"b'Line officers want #ICE to keep its distance as they try to build trust within undocumented communities, correction\xe2\x80\xa6 https://t.co/STD1jGXus7'"
2018-05-14 07:21:42,b'.#Nebraska #idaho #Oregan #Pennsylvania #VoteRed2018 time to #DrainTheSwamp #MAGA your Primary May15 #Vote4The Wall\xe2\x80\xa6 https://t.co/WtbYV7Z5pi'
2018-05-14 06:17:15,b'To all the #libtards #BuildTheWall https://t.co/WN9CFeaMkv'
2018-05-14 05:54:42,"b""Doesn't #Walgreens provide $$$  to help illegals in US?  #IllegalImmigrants #maga\n#BuildTheWall"""
2018-05-14 05:16:13,"b""@CNN What's heartless @SenSanders is forcing American families who live payday to payday to house &amp; feed illegal al\xe2\x80\xa6 https://t.co/YMyrqNkGTe"""
2018-05-14 05:10:56,"b'@TomiLahren demonstrates the heartlessness of the current @GOP policies. #Immigration is a complex issue, but it wo\xe2\x80\xa6 https://t.co/IzDtEp3u0z'"
2018-05-14 03:46:38,b'This is powerful! You have a talent. Truth. God bless. #MAGA #TrumpTrain #NRA #PatriotsUnite #AmericaFirst\xe2\x80\xa6 https://t.co/h7M1nN6nEq'
2018-05-14 03:14:03,b'Happy #mothersday2018 to my mom who I was not able to see in 3years now and she is not allowed to come to visit me\xe2\x80\xa6 https://t.co/vpVgFfxV0Q'
2018-05-14 03:10:29,b'@Sissy_USMC GO TRUMP! #BuildTheWall'
2018-05-14 02:39:53,b'Want to help stop human trafficking?\n   #BuildTheWall'
2018-05-14 02:37:48,b'Want to; create more jobs for unskilled workers?\nWant to; help stop the spread of opioids?       #BuildTheWall'
2018-05-14 02:07:18,b'It was a great #weekend for #Birding in Ohio. #migration https://t.co/Vj7cI5XWRS'
2018-05-14 01:20:02,"b""#Trump's WH Hypocrite\xe2\x8f\xa9|Genealogist Digs Up His Family Records After John Kelly Says #Immigrants Don't 'Assimilate' - https://t.co/BekAzd58iR"""
2018-05-14 01:16:01,b'Remember this at November Midterms! #Democrats are literally running on NOTHING! \n\n#VoteKAG &amp; Republicans to: \xf0\x9f\x91\x87\xf0\x9f\x8f\xbd\xe2\x80\xa6 https://t.co/7di4iejxqL'
2018-05-14 00:55:36,"b'Davino Watson, #US citizen, wrongfully held in #immigration detention 3+yrs. while seeking to prove his citizenship. https://t.co/VLLWbtmn4c'"
2018-05-14 00:36:04,b'@KatTimpf I\xe2\x80\x99d encourage President* Trump (his administration and followers) that undocumented immigrants (and their\xe2\x80\xa6 https://t.co/3HxxeXGb39'
2018-05-13 23:35:32,b'May God put a hedge of protection around ea Patriot left in this state. I pray for #RedWaveRising &amp; we can #MAGA\xe2\x80\xa6 https://t.co/mSKxZQeeBD'
2018-05-13 23:32:47,"b'@realDonaldTrump Nice try! Your isolationism, protectionism are coming back to bite you in the ass! We are all conn\xe2\x80\xa6 https://t.co/Kjh7H3SyRs'"
2018-05-13 23:25:21,b'Keep on winning as long as the appeasing left is whining I know we are winning! \n#AmericaFirst \n#BestAdvice\xe2\x80\xa6 https://t.co/jeQRkKBbAg'
2018-05-13 23:14:28,b'Guess the refugee concept totally escapes him. Maybe he could just watch the movie. Read cliff notes. Share it with\xe2\x80\xa6 https://t.co/mYCunthI0a'
2018-05-13 22:57:34,"b'#BuildTheWall No to illegal ""sanctuary"" cities and lawless politicians this is what happens mayhem Pedophiles \xf0\x9f\x91\x87\xf0\x9f\x91\x87 https://t.co/Im2k9eO1oc'"
2018-05-13 22:56:16,"b'Wow, Is just like running away from who you are and from those that made it possible for you to be. Sad!.\xe2\x80\xa6 https://t.co/rOdeZqptCY'"
2018-05-13 22:27:48,"b'\xe2\x80\x9cAmerican\xe2\x80\x99s don\xe2\x80\x99t want these jobs... Its hot, hard work\xe2\x80\x9d.                                      \nSadly, I\xe2\x80\x99m waiting\xe2\x80\xa6 https://t.co/nEeklDelB7'"
2018-05-13 22:15:42,b'Please read &amp; share Aura\xe2\x80\x99s story. In Refuge and #Resistance on #MothersDay #KeepFamiliesTogether #Immigration\xe2\x80\xa6 https://t.co/qnl1t26m9s'
2018-05-13 22:03:10,b'#MothersoftheResistance @4thunyc with Aura Hernandez and her family in #sanctuary @ICNY  #mothersday #newsanctuary\xe2\x80\xa6 https://t.co/X29PqDgpdQ'
2018-05-13 21:51:19,b'Hard to dress up a pig because a pig is still a pig. #HisNameWasSethRich #LockHerUp #MAGA #TrumpTrain #AmericaFirst\xe2\x80\xa6 https://t.co/L0lSsrjaUq'
2018-05-13 21:44:26,"b'Yep, give us the names! #LockThemAllUp #BuildTheWall #MAGA #KAG #PatriotsUnite #NRA #TrumpTrain #2A\xe2\x80\xa6 https://t.co/rAHDaXGPSe'"
2018-05-13 21:16:54,b'@TombStoneBub @redpill25 @ClaireW1lliam @CaptainCruise8 @raiderrap1965 @gregd777 @bodysouls @csinut1 @srobhartkopf\xe2\x80\xa6 https://t.co/XHVOhNHTaQ'
2018-05-13 19:07:48,b'If we #BuildTheWall the #OpioidCrisis will be MUCH improved! @POTUS @realDonaldTrump during ur campaign U went 2 NH\xe2\x80\xa6 https://t.co/KSJIeAeELz'
2018-05-13 18:46:38,b'The #OpioidCrisis &amp; #ChronicPain May bore some but Everyone should understand hormones &amp; Anti-depressants &amp; cholest\xe2\x80\xa6 https://t.co/oSoY2HT0xr'
2018-05-13 18:31:00,b'#BlackGirlMagic \n#MelaninPoppin \n#RepresentationMatters \n\nFind us at the #HighTea event today!! \n\n@AvonGardens317\xe2\x80\xa6 https://t.co/SmMy6Piyhi'
2018-05-13 17:46:35,"b'#dunlin \n#shorebirds \n#migration \n#migratorybirds @ Port Norris, New\xe2\x80\xa6 https://t.co/wi0vKGfxjV'"
2018-05-13 17:45:38,b'Hope the know that a finished high end carpenter is considered unskilled in this country. #fools. #Immigration refo\xe2\x80\xa6 https://t.co/r7Ids5MXYn'
2018-05-13 17:22:00,b'For those in the back row\xf0\x9f\x91\x87\xf0\x9f\x91\x87\xf0\x9f\x91\x87\xf0\x9f\x91\x87\xf0\x9f\x91\x8a\xf0\x9f\x91\x8a\xf0\x9f\x91\x8a\xf0\x9f\x91\x8a\n#Immigration #ImmigrantsMakeAmericaGreat #beontherightsideofhistory https://t.co/BrcxDhG7k7'
2018-05-13 17:01:57,"b'Actually, my grandparents did. #Immigration https://t.co/cl3PNgLEFD'"
2018-05-13 16:21:30,"b""Who didn't see this coming? Instead of being honest about our need for immigrant labor, too many people listened to\xe2\x80\xa6 https://t.co/N29FTJOtYn"""
2018-05-13 16:19:07,b'@SenateMajLdr No August break until @SenateGOP di their job: FUND:\n#BuildTheWall \n#BorderSecurity\nShove the 300 Nom\xe2\x80\xa6 https://t.co/Kj1KUXfTmA'
2018-05-13 16:01:52,b'GO AWAY TOMI\xe2\x80\xbc\xef\xb8\x8f You are a DISGRACE to #Immigrants who make up more of the population in \xf0\x9f\x87\xba\xf0\x9f\x87\xb8 as I am one too\xe2\x80\xbc\xef\xb8\x8f\xe2\x80\xbc\xef\xb8\x8f https://t.co/JnWFA6xBEC'
2018-05-13 15:38:57,b'@MasonBilly87 @kevinjohnson510 Richard Cloward\nFrances Fox Piven...\n\nWHO ARE THESE CLOWNS? THE DESTRUCTION IN THE U\xe2\x80\xa6 https://t.co/eAqNrPvlqg'
2018-05-13 15:21:49,"b'Did you forget about the voters? The ones who don\xe2\x80\x99t buy votes and cheat, I mean.... \n\nAnd Kate Steinle whose death\xe2\x80\xa6 https://t.co/asa0otiYB1'"
2018-05-13 15:16:37,b'@Jeanett80176235 @LizCrokin Use the money to #BuildTheWall'
2018-05-13 15:09:44,"b'@DineshDSouza END THE INVASION!\n\nEND ALL #refugees &amp; #immigration PROGRAMS, #EndDACA, REPLACE WITH MIN # WORK &amp; EDU\xe2\x80\xa6 https://t.co/kykYI9aUcK'"
2018-05-13 15:07:54,"b'@CNN END THE INVASION!\n\nEND ALL #refugees &amp; #immigration PROGRAMS, #EndDACA, REPLACE WITH MIN # WORK &amp; EDU VISA, DE\xe2\x80\xa6 https://t.co/3ryXZcD7kE'"
2018-05-13 14:32:23,"b'Mother\xe2\x80\x99s Day: Let\xe2\x80\x99s honor the immigrant mothers who uprooted their families and risked their lives, to come work ti\xe2\x80\xa6 https://t.co/UzmXsudiIe'"
2018-05-13 14:07:50,"b'@FoxNews @TomiLahren @WattersWorld Well, my ancestors came here because it was either that or starve in Ireland. Th\xe2\x80\xa6 https://t.co/6PklANbScy'"
2018-05-13 13:39:07,b'@NPR the comment wasn\xe2\x80\x99t about #Immigrants you fucking misleading assholes it was about #IllegalImmigrants WTF? How\xe2\x80\xa6 https://t.co/Ch6Zox6rtV'
2018-05-13 13:36:08,"b'@Education4Libs @pushforward40_2 Exactly! Russian interference Bad....Illegal interference, OK   Wonder if Dems wou\xe2\x80\xa6 https://t.co/qSLvcWPF6S'"
2018-05-13 13:25:21,"b'""1 document that circulated among the various parties made reference to the 2018 midterm elections in the U.S, sugg\xe2\x80\xa6 https://t.co/JbNcyiKWU9'"
2018-05-13 13:15:40,"b""ICYMI by @NickKristof:\n\n11-yo girl forced to be gang member's girlfriend\n\nJenesis staggered naked &amp; bleeding away f\xe2\x80\xa6 https://t.co/SUATiHVGgn"""
2018-05-13 12:42:25,"b'\xe2\x80\x9cAs the # of cases increase, we\xe2\x80\x99ll struggle to represent everyone,\xe2\x80\x9d Miguel \xe2\x80\x9cAndy\xe2\x80\x9d Nogueras, supervisory asst public\xe2\x80\xa6 https://t.co/S7RSnU2fNa'"
2018-05-13 12:36:40,"b'On #MothersDay, our ""Nation under God"" is imprisoning mothers protecting their children from rape &amp; violence.\n\nMore\xe2\x80\xa6 https://t.co/MlZwGFLMRr'"
2018-05-13 11:19:22,b'As a #preacher on #mothersday #mothersday2018 I know I must denounce #AG #jeffsessions and the #familyseparation po\xe2\x80\xa6 https://t.co/2wwg9cZqlh'
2018-05-13 07:25:32,b'Cut off their nuts then kick there ass. And throw them back over the border. I \xf0\x9f\x92\xa9on mexico. #BuildTheWall https://t.co/s7fsfjnRWz'
2018-05-13 05:16:35,b'Refuse to assimilate! America can\xe2\x80\x99t be \xe2\x80\x9ca great melting pot\xe2\x80\x9d if immigrants refuse to melt. https://t.co/II4tSxUYtX\xe2\x80\xa6 https://t.co/iByZFFl1Y9'
2018-05-13 04:48:53,b'So good for you! But But But you became LEGAL... I &amp; millions of Americans applaud that we do NOT applaud ILLEGAL A\xe2\x80\xa6 https://t.co/CyKivQg4wU'
2018-05-13 04:47:10,b'@kausmickey I share yr exasperation! Sounds exactly like how so many #immigration stories have started in #SoFL ove\xe2\x80\xa6 https://t.co/luruulbqiY'
2018-05-13 04:41:01,b'@drek_preference Refuse to assimilate! America can\xe2\x80\x99t be \xe2\x80\x9ca great melting pot\xe2\x80\x9d if immigrants refuse to melt.\xe2\x80\xa6 https://t.co/4VkKEGu7kV'
2018-05-13 04:07:48,b'@IB_JohnE5 @Jimmy_941 @highmindthought @American25pat @TroyAllenHumbl1 @lazyzimms @AmericanRosie @Texas_Proud_MP\xe2\x80\xa6 https://t.co/QgIcf9MlFj'
2018-05-13 03:53:46,b'#NoPhysicalBarriers #ShortageOfManpower #SecureTheBorder #BuildTheWall #KeepTexasSafe\nAgents Sound Alarm on Syrians\xe2\x80\xa6 https://t.co/2PmthNJ0uQ'
2018-05-13 03:45:12,b'@GeanineC @ncar999 @Scat0122 @Lost_Literati @fatoldbagpp @Anitabanita12 @familyroom37 @Wileycoyote71\xe2\x80\xa6 https://t.co/E5kVGyCe25'
2018-05-13 03:09:16,b'I know how to fix this problem in El Paso.....\n#BuildTheWall #NoAmnesty #Nofreeride \n\xf0\x9f\x98\x89\xf0\x9f\x98\x89\xf0\x9f\x98\x89\xf0\x9f\x98\x89\xf0\x9f\x98\x89\n#LivePD never disappoint\xe2\x80\xa6 https://t.co/gizlMoRHKK'
2018-05-13 02:35:26,"b""...and we've made all the conservatives mad by calling out the idealogical inconsistency of supporting\xe2\x80\xa6 https://t.co/CbzNBywHJT"""
2018-05-13 02:01:05,b'#BuildTheWall #NoDACA #NoAmnesty\n#Deport them! They are dividing our country. We are with .@realDonaldTrump to\xe2\x80\xa6 https://t.co/7Lg749SPnK'
2018-05-13 01:36:34,"b'Are we surprised at this point?\n\nThe White House leader has mocked &amp; insulted people with disabilities, #women,\xe2\x80\xa6 https://t.co/GitpX7hmAU'"
2018-05-13 01:15:14,b'@Idahograybeard @gatewaypundit Iranian Regime Threatens to Release Names of Western Officials Who Took Bribes to Pa\xe2\x80\xa6 https://t.co/25UFDJbU14'
2018-05-13 00:33:08,b'@realDonaldTrump RIGHT NOW IS THE GREATEST OPPORTUNITY IN HISTORY 4 BLACK USA CITIZENS! ABSOLUTELY TAKE ADVANTAGE O\xe2\x80\xa6 https://t.co/T8ir2ZP14C'
2018-05-13 00:22:50,b'@realDonaldTrump RIGHT NOW IS THE GREATEST OPPORTUNITY IN HISTORY 4 BLACK USA CITIZENS! ABSOLUTELY TAKE ADVANTAGE O\xe2\x80\xa6 https://t.co/nio16eij2D'
2018-05-13 00:07:16,b'@DelporableMe @jojoh888 RIGHT NOW IS THE GREATEST OPPORTUNITY IN HISTORY 4 BLACK USA CITIZENS! ABSOLUTELY TAKE ADVA\xe2\x80\xa6 https://t.co/0bnrcukBTm'
2018-05-12 23:56:33,"b'Yeah, he\xe2\x80\x99s trying desperately to win his mid term! All the incumbents do is posture. Both parties, save a few. I\xe2\x80\x99m\xe2\x80\xa6 https://t.co/gPuRsGP6j0'"
2018-05-12 23:37:22,b'Yes!!!! Amazing #parent #leadership developing #learning #culture of #literacy in their #communities #empowered\xe2\x80\xa6 https://t.co/c8nZ6jsncW'
2018-05-12 23:28:16,b'@The2ndA @PMgeezer @Raville @RedPill_Marine @Rescuer24Powell @rick_mopar @RonnyH91x @skinpo @Steve24111460\xe2\x80\xa6 https://t.co/rULHAVyzQ2'
2018-05-12 23:22:47,b'@The2ndA @april_logue @baconbits666 @billbray62 @dboaz75 @EarthsGuyNow @EJ1469 @jjcrocket @joecolton4 @jrcarter_1\xe2\x80\xa6 https://t.co/fqqIWFxS4r'
2018-05-12 22:27:08,"b'@realDonaldTrump @GOP @POTUS @HouseGOP @SenateGOP, change #Senate rules! Want perm retro #TaxCuts #BuildTheWall #2A\xe2\x80\xa6 https://t.co/eqOLvo76JV'"
2018-05-12 21:24:26,b'...because this administration is investing all kinds of funds into the foster care system and mental health...NOT.\xe2\x80\xa6 https://t.co/TNP3Qe95mZ'
2018-05-12 21:14:35,b'@tainteddemo1 @realDonaldTrump We need the wall to begin the rest. Just check out what\xe2\x80\x99s happening in GB. The forei\xe2\x80\xa6 https://t.co/ExkRV2QAnT'
2018-05-12 21:13:08,"b'\xe2\x80\x9c...seven of Kelly\xe2\x80\x99s eight great-grandparents were immigrants. Four immigrated from Italy, three from Ireland.\xe2\x80\x9d\xe2\x80\xa6 https://t.co/MxrAQ4QZK0'"
2018-05-12 20:30:42,"b'GREAT question @VanJones68 I say this everyday, we need to discuss OUR platform more, much more, not just the crazi\xe2\x80\xa6 https://t.co/td3rLba47o'"
2018-05-12 19:43:50,b'Maxine Waters explodes on House floor: I resent \xe2\x80\x98making America great again\xe2\x80\x99!   #MAGA #DemocraticParty\xe2\x80\xa6 https://t.co/xsiGoaSRjK'
2018-05-12 19:08:05,b'No more playing... Game over\n#BuildTheWall https://t.co/ZpvpXdkpq0'
2018-05-12 18:42:14,b'I would!!!\n\n#TrumpTrain2020 #TRUMPTRAIN #WETHEPEOPLE #WWG1WGA \n#QArmy #TheStormIsHere #BuildTheWall #Qanon https://t.co/dGCSmLrzIv'
2018-05-12 18:29:57,b'Such important reporting on the Yemeni-American families divided and trapped between war and the travel ban as they\xe2\x80\xa6 https://t.co/xwDEWxPI5i'
2018-05-12 17:09:51,"b""#HeyJohnKelly - If you're in a competition with your boss over who can out-racist the other...this week you win!!\xe2\x80\xa6 https://t.co/wkPlFkpFeE"""
2018-05-12 17:04:37,"b""Today is #WorldMigratoryBirdDay \xe2\x80\x94 check out my insta to read more about the weird history of the Canada goose's mig\xe2\x80\xa6 https://t.co/8O21G4Q0S4"""
2018-05-12 16:47:00,b'Appreciation lunch for the amazing folks that came to the Capitol to testify/meet w/their legislators on #cjreform\xe2\x80\xa6 https://t.co/uP3VbTWJR1'
2018-05-12 16:41:34,"b'If given a chance, immigrants do #hardwork #ImmigrantsMakeAmericaGreat #ImmigrationReform cc: @ahilliardm https://t.co/Zb9LFypnIU'"
2018-05-12 15:14:17,b'@realDonaldTrump We keep winning!  Thanks to our President Trump for his great leadership.  #KeepAmericaGreat\xe2\x80\xa6 https://t.co/b3oVA2IFj7'
2018-05-12 14:42:22,b'Chain Migration is DEFINITELY a problem \xe2\x80\x94 look what it\xe2\x80\x99s done to the White House! #immigration #Saturdaythoughts https://t.co/GS7ubP3Vu3'
2018-05-12 14:32:27,b'Promises made  promises kept! Isn\xe2\x80\x99t this what #Trumpville wanted?  Less brown people? Maybe you can try recruiting\xe2\x80\xa6 https://t.co/qaXwi5Zuw0'
2018-05-12 14:27:19,b'#My Grandparents were #Immigrants!! And #Trump\xe2\x80\x99s Ancestors were #Immigrants!! \xf0\x9f\xa7\x9f\xe2\x80\x8d\xe2\x99\x82\xef\xb8\x8f!?! https://t.co/wd3D2VB06s'
2018-05-12 14:01:39,b'Foster care or whatever? I certainly hope that these children are not being adopted by rich GOP contributors who fi\xe2\x80\xa6 https://t.co/tLkHccyJDf'
2018-05-12 13:01:28,b'When are the #Democrats in our country - especially in #NJ &amp; #CA going to care MORE ABOUT #Americans &amp; #American St\xe2\x80\xa6 https://t.co/eejA1y67b1'
2018-05-12 13:00:43,b'1906 #SFEarthquake saved my grandfather from life w/o a family. Denied #citizenship &amp; further #immigration by\xe2\x80\xa6 https://t.co/8tsQmGIUI6'
2018-05-12 12:48:41,b'Asylum seekers barely work: An overwhelming majority lives on benefits and endangers the welfare state\xe2\x80\xa6 https://t.co/wXlFTaUwwL'
2018-05-12 12:30:34,b'All the blather about #immigrants from anyone who isn\xe2\x80\x99t Native American \xe2\x80\x94confounds me.'
2018-05-12 12:30:13,b'Hey John Kelly I think you need to see this! #Racism #ignorance #WhiteHouse staff is a bunch of #immigrants https://t.co/6NL553rt18'
2018-05-12 11:55:29,b'Saturday #immigration cartoon https://t.co/6sxQmw2JDY'
2018-05-12 11:31:41,"b'And today there\xe2\x80\x99s yellow throated warbler, swainson\xe2\x80\x99s thrush and blue headed vireo! #migration https://t.co/cTlVWvl06V'"
2018-05-12 09:08:11,b'@victaco2222 @Drm1956 @susanlovechrist @realDonaldTrump There you go! LMAO I love your wit:) #BuildTheWall'
2018-05-12 09:04:23,b'@Coppervixen @Drm1956 @susanlovechrist @realDonaldTrump Nice reply:)Go copper! #BuildTheWall'
2018-05-12 04:42:56,"b'.@FrankSharry, the president of @AmericasVoice, a pro- #immigration group, said Trump\xe2\x80\x99s anger revealed ignorance ab\xe2\x80\xa6 https://t.co/wmn1T3Fo7C'"
2018-05-12 04:27:17,b'Yes there is a difference between legal and illegal immigration. #Itsimportanttodistinguish #Immigration #Ittookme5years #Itmatters'
2018-05-12 03:00:50,b'#guest #commentator  @DonLemon_CNN tonight just stated #Mexicans sending #money back to Mexico doing it to save for\xe2\x80\xa6 https://t.co/qsyCO1YU7i'
2018-05-12 02:59:47,b'Um she was a \xe2\x80\x98model\xe2\x80\x99 who stayed beyond her tourist visa who was also working here illegally.  And she married an ol\xe2\x80\xa6 https://t.co/5r59Tumk0Y'
2018-05-12 02:50:53,b'@JohnKelly my #grandparents were #immigrants My #father long #career #aerospace #engineer I am #lifelong #educator\xe2\x80\xa6 https://t.co/dGxUtpt37d'
2018-05-12 02:02:58,b'@RealJamesWoods Wallace is a first class IDIOT!  She is a typical leftist liberal lunatic with no common sense!  Ho\xe2\x80\xa6 https://t.co/gLEe0fsEWx'
2018-05-12 02:02:18,"b""I still don't understand how @POTUS and #Republicans can be against #anchorfamilies, #IllegalImmigrants,\xe2\x80\xa6 https://t.co/8F4V9wreC5"""
2018-05-12 02:01:38,"b""- Naomi Klein: \n'Let Them Drown:\nthe violence of othering \nin a warming world' -\n\n#Refugees\n#Migration\n#Immigration\xe2\x80\xa6 https://t.co/1OqmWSIaQY"""
2018-05-12 01:57:50,b'@elizabethforma Warren is an IDIOT !!!  Tell POCAHONTAS THAT SHE IS WASHED UP !  Her own party wants nothing to do\xe2\x80\xa6 https://t.co/dNiZAdWW07'
2018-05-12 01:52:44,b'@JudicialWatch Hang those LIBERAL LOONEY CROOKS!!  They deserve to be prosecuted for the double standard they opera\xe2\x80\xa6 https://t.co/Sz9cYIntRo'
2018-05-12 01:46:49,b'He is the absolute moron in chief. Too bad about the #ComplicitGOP #impeachment cannot be too soon.\xe2\x80\xa6 https://t.co/Jyu4lFdo27'
2018-05-12 01:32:50,b'It\xe2\x80\x99s Follow Back Friday! If you follow then I will follow back! #MagaArmy #MagaArmy #MAGA #AmericaIsStronger\xe2\x80\xa6 https://t.co/LsSoNSnGDb'
2018-05-12 01:08:30,b'Anyone well-versed in #immigration law? I have some questions about petitioning for a person with a criminal record\xe2\x80\xa6 https://t.co/PzsKyKFGPD'
2018-05-12 01:05:56,"b""@USAHotLips @NancyPelosi SHE'S SO WACKY!\n\nIDIOT! WHY HASN'T THE @DNC FORCED HER TO RETIRE? IDIOTS!\n\n\xe2\x80\xa2\xe2\x80\xa2\xe2\x80\xa2\xe2\x80\xa2\nEND\xe2\x80\xa6 https://t.co/DCZKcc1CsM"""
2018-05-12 00:48:42,b'LOVED watching @ananavarro hand #Trump-humping idiot @CortesSteve his ignorant ASS on @AC360.\n\n#JohnKelly\xe2\x80\xa6 https://t.co/PY36IzIK0M'
2018-05-12 00:22:57,b'@RepMiaLove Another elected official screwing her voters  #NoAmnesty #BuildTheWall #EndDACA'
2018-05-12 00:12:58,b'\xe2\x80\x9cChasing the American Dream\xe2\x80\x9d\nSunset | Echo Park\n\n#immigration #immigrants https://t.co/rlh0gDa66P'
2018-05-12 00:10:47,b'Andrew White stillllll addressing the subject matter of #immigration by leading with \xe2\x80\x9cthose immigrants.\xe2\x80\x9d  He lost m\xe2\x80\xa6 https://t.co/UmwNjVq8IH'
2018-05-12 00:01:11,b'@charliekirk11 Absolutely and show that their parents were also legal citizens of this country!!! #BuildTheWall #AmericaFirst'
2018-05-11 23:43:13,b'Yup!  #hateful  Also inaccurate. Most Jr. College students know that the majority of immigrants who make a living &amp;\xe2\x80\xa6 https://t.co/rvOvlRHO09'
2018-05-11 23:36:28,b'We continuously advocate with our Congress to pass a compassionate immigration package that protects our Dreamers.\xe2\x80\xa6 https://t.co/duBaO7Y4n3'
2018-05-11 23:06:23,b'@CNN That what was said about his Irish family members who came in late 1800s and 1900s. #Johnkelly @WhiteHouse #Immigrants'
2018-05-11 22:29:53,"b'This horrific decision means that nearly 60,000 Hondurans who have lived in the US for nearly two decades will be f\xe2\x80\xa6 https://t.co/011uqdbWtR'"
2018-05-11 22:11:06,b'What do we want?\n#justice                                          When do we want it?\nNow!\n#nodetentions\xe2\x80\xa6 https://t.co/emk4I7BTaI'
2018-05-11 22:09:31,b'Analysis | John Kelly\xe2\x80\x99s \xe2\x80\x98assimilation\xe2\x80\x99 into a hard-line stance against illegal immigrants https://t.co/60QVxXFLyT #Immigration'
2018-05-11 21:59:41,"b'@kellysadler45 What an immense embarrassment you are to the White House, our Government and the American People.\xe2\x80\xa6 https://t.co/2QMFOc0ZIa'"
2018-05-11 21:59:13,b'Some moments from USC 135th Commencement Ceremony at Alumni Park. @LANow @latimes @latimesphotos @USC\xe2\x80\xa6 https://t.co/Xg1J0OFa7Q'
2018-05-11 21:57:33,b'Some moments from USC 135th Commencement Ceremony at Alumni Park. @LANow @latimes @latimesphotos @USC\xe2\x80\xa6 https://t.co/kcbkawrgYz'
2018-05-11 21:55:32,b'Some moments from USC 135th Commencement Ceremony at Alumni Park. @LANow @latimes @latimesphotos @USC\xe2\x80\xa6 https://t.co/2UTk3icIBL'
2018-05-11 21:31:38,"b'This is what they said about my Italian grandparents too. Too bad their kids, grandkids and greats, with more than\xe2\x80\xa6 https://t.co/gNxMWc3RJF'"
2018-05-11 21:09:31,"b'@RealSaavedra @MikeKellyPA, u r BEST,Thanks 4 #fightingback against #MadMaxine! @GOP @POTUS @HouseGOP @SenateGOP\xe2\x80\xa6 https://t.co/T6TEFwAhV2'"
2018-05-11 21:05:09,b'Probably like his ancestors viewing Lady Liberty \xf0\x9f\x97\xbd for the 1st time Below.... Kelly: Vast majority of #immigrants h\xe2\x80\xa6 https://t.co/xQN8f6Qaib'
2018-05-11 20:55:59,b'So who is going to take a $10.95/hr job for only 2 months? \xe2\x80\x9cMust be able to lift 70lbs to shoulder height repetitiv\xe2\x80\xa6 https://t.co/UStpEsfnUN'
2018-05-11 20:55:17,"b'@seanhannity @SenateMajLdr @GOP @POTUS @HouseGOP @SenateGOP, change #Senate rules! Want perm #TaxCuts #BuildTheWall\xe2\x80\xa6 https://t.co/HKRu3ITAP0'"
2018-05-11 20:53:49,b'@cubbyrizzo @RxGlBr @MikeJBarnes @jaketapper Why is stating FACTS considered being negative?  Serious question?.  M\xe2\x80\xa6 https://t.co/13fMgIXsGa'
2018-05-11 20:51:49,"b'The concept that immigration need to assimilate would mean that we would not have had any ethnic parade, nor have a\xe2\x80\xa6 https://t.co/mXoTIH40HL'"
2018-05-11 20:42:16,b'Loving the stuff coming out of #immigration Twitter about the USCIS announcement of a new rule by policy memo. Can\xe2\x80\x99\xe2\x80\xa6 https://t.co/ebIJzh79Pu'
2018-05-11 20:18:12,b'@ananavarro is going IN right now\n\xf0\x9f\x91\x8f\xf0\x9f\x8f\xbe\xf0\x9f\x91\x8f\xf0\x9f\x8f\xbe\xf0\x9f\x91\x8f\xf0\x9f\x8f\xbe\xf0\x9f\x91\x8f\xf0\x9f\x8f\xbe\xe2\x9d\xa4\xef\xb8\x8f\n\n#Immigrants \xf0\x9f\xa7\x95\xf0\x9f\x8f\xbe\xf0\x9f\x91\xa9\xf0\x9f\x8f\xbb\xf0\x9f\x91\xa9\xf0\x9f\x8f\xbe\xe2\x80\x8d\xf0\x9f\x8f\xab\xf0\x9f\x91\xa9\xf0\x9f\x8f\xbc\xe2\x80\x8d\xf0\x9f\x92\xbb\xf0\x9f\x91\xa9\xf0\x9f\x8f\xbd\xe2\x80\x8d\xf0\x9f\x92\xbc\xf0\x9f\x91\xa8\xf0\x9f\x8f\xbd\xe2\x80\x8d\xf0\x9f\x92\xbc\xf0\x9f\x91\xa9\xf0\x9f\x8f\xbf\xe2\x80\x8d\xf0\x9f\x94\xac'
2018-05-11 20:13:00,b'NYC friends please come by the BDC tomorrow evening. Would love to see you. #gettyimages #gettyimagesnews\xe2\x80\xa6 https://t.co/cJWSMqOjQS'
2018-05-11 20:04:22,b'These quarterly briefings are for Chicago #journalists to gather great sources and resources to cover the issues af\xe2\x80\xa6 https://t.co/cGh7CpiQPd'
2018-05-11 19:55:06,"b""@NoShadowBanning This just proves why we can't just let anyone into the USA!!! London has made a huge mistake. I on\xe2\x80\xa6 https://t.co/hsKQMJnD1Q"""
2018-05-11 19:54:44,b'#PathToCitizenship vs #IllegalAliens #Right vs #Wrong #Stand vs #Kneel #Pride vs #Crime #BuildTheWall &amp; open door f\xe2\x80\xa6 https://t.co/KakCl9XN3U'
2018-05-11 19:25:21,"b'I spent the morning at a #thepeoplespressconference @NewSanctuaryNYC with #immigrants talking about their lives, de\xe2\x80\xa6 https://t.co/OPjCNeB53v'"
2018-05-11 19:24:18,b'#johnkelly is a disgrace. I spent the morning at @NewSanctuaryNYC #peoplespressconference listening to #immigrants\xe2\x80\xa6 https://t.co/shUmSIueWH'
2018-05-11 19:15:35,b'#ICYMI 15 House Republicans have signed on to a discharge petition filed this week to force votes on a series of\xe2\x80\xa6 https://t.co/LTLJqo99Pe'
2018-05-11 19:00:14,b'You really need to watch this #ThursdayThoughts #AmericaIsStronger #BigPharma #BuildTheWall #Censorship\xe2\x80\xa6 https://t.co/6BNCEexx2t'
2018-05-11 18:56:01,b'Thread \xf0\x9f\x91\x87 #Immigrants #wegetthejobdone https://t.co/2MLpLNC3wg'
2018-05-11 18:50:20,"b'@realDonaldTrump @GOP @POTUS @HouseGOP @SenateGOP, change #Senate rules! Want perm retro #TaxCuts #BuildTheWall #2A\xe2\x80\xa6 https://t.co/vjMdW981NN'"
2018-05-11 18:35:49,"b""Ok, this is eating me alive. I'm an #immigrant and an AMERICAN by choice. I sing the #StarSpangledBanner with pride\xe2\x80\xa6 https://t.co/OUCOSZmQJa"""
2018-05-11 18:16:50,"b'Sadly, I think of my four #Immigrant grandparents this way, too, and how they would feel if they were living here t\xe2\x80\xa6 https://t.co/imRTsCkPX6'"
2018-05-11 17:59:49,b'@HillaryClinton @JoanAlker1 @GeorgetownCCF go away you fraud . #Killary #Buildthewall #Yourefakenews'
2018-05-11 17:40:24,b'It\xe2\x80\x99s truly amazing just how quickly we forget the #history of how the \xe2\x80\x9c#UnitedStatesOfAmerica\xe2\x80\x9d came to be. #forced\xe2\x80\xa6 https://t.co/nA9ESeMaID'
2018-05-11 17:28:30,b'@BrunoAmato_1 My grandmother was pregnant with my dad when she and my grandfather arrived on Ellis Island from Pale\xe2\x80\xa6 https://t.co/WSXM23f4zD'
2018-05-11 17:06:04,"b'She has gotta go! Good riddance. This is what Californians get for their tax $$. Oh wait, she is most probably elec\xe2\x80\xa6 https://t.co/PWsEHBWmSm'"
2018-05-11 16:51:35,b'Another mag that will go down the tubes! #MAGA #KAG #TrumpTrain #2A #AmericaFirst #LockThemUp #BuildTheWall\xe2\x80\xa6 https://t.co/GkTsbt5VmV'
2018-05-11 16:46:19,b'They should be deported for crossing the border illegally. We are and should be a country of the rule of law!!!\xe2\x80\xa6 https://t.co/HYBIESjMfM'
2018-05-11 16:36:45,"b""@DineshDSouza @realDonaldTrump UPGRADED YOU'RE IMAGE TO 21st CENTURY!\n\n\xe2\x80\xa2\xe2\x80\xa2\xe2\x80\xa2\xe2\x80\xa2\nEND #immigration\nEND #refugees\n#EndDACA\xe2\x80\xa6 https://t.co/hwvtRMJ017"""
2018-05-11 16:24:40,b'@CarmelQT @KevinSuscavage @RepMaxineWaters As usual #Liberals will continue to chase  rats\xf0\x9f\x90\x80 \xf0\x9f\x90\x80 while\xe2\x80\xa6 https://t.co/My2Rv1ZvwK'
2018-05-11 16:14:24,b'@ScottAdamsSays @realDonaldTrump SOUNDS LIKE A TOUGH GUY TO ME (per article)... EXACTLY WHAT THE #USA NEEDS 4\xe2\x80\xa6 https://t.co/lZhIGlG8Lb'
2018-05-11 15:44:24,"b'@Mediaite My parents brought 11 kids to the USA. We are homeowners, professionals and we vote. We\xe2\x80\x99ve had children a\xe2\x80\xa6 https://t.co/Zfg2YyYek2'"
2018-05-11 15:37:02,"b""@chuckwoolery BABIES RULING THE PLANET!!\n\nTHAT'S A GOOD IDEA... RIGHT??\n\n(I wouldn't trust that sexpert... FREAKY!:\xe2\x80\xa6 https://t.co/Ku3K8lK33T"""
2018-05-11 15:32:57,"b'Last #US #antiChinese law passed in #Oakland 1935 #Oaktown Prof #GregMark tells father\xe2\x80\x99s story Sat May12, 10am-1pm\xe2\x80\xa6 https://t.co/ShYlGRWn7a'"
2018-05-11 15:22:12,b'Yoder bill 2 eliminate per-country cap on Green Cards has 320 cosponsors and cant get a hearing. Business needs 2 s\xe2\x80\xa6 https://t.co/n4qXNpc2k4'
2018-05-11 15:15:56,b'KC businesses tell @KevinYoder we are growing 10% year but we can\xe2\x80\x99t find 10% more employees in order to keep up w g\xe2\x80\xa6 https://t.co/1AedD2Wz10'
2018-05-11 15:13:20,"b'Renegade Republicans challenge #PaulRyan, file discharge petition to force immigration votes #ProtectOurDemocracy a\xe2\x80\xa6 https://t.co/JmBFJcDsZu'"
2018-05-11 15:09:56,b'What #JohnKelly was really saying.\nThese #Immigrants are a little too Dark.     Like my #Italian Grandfather was 10\xe2\x80\xa6 https://t.co/0JgVN90ElR'
2018-05-11 14:50:25,"b'@kylegriffin1 Hate to break it to you Mr. Kelly, many of us INTEGRATE well and in fact accomplish so much given the\xe2\x80\xa6 https://t.co/ccYDUNljM1'"
2018-05-11 14:44:22,"b'House back in session next Tue - assuming all Democrats sign on, Republicans need only 8 more signatures to force\xe2\x80\xa6 https://t.co/5PhekvhzLV'"
2018-05-11 14:39:46,"b'Session 2 underway now: Workplace #harassment, #Immigration and workers compensation #BarleyEmployment https://t.co/C6seJUfJJN'"
2018-05-11 14:37:08,"b'@MSNBC Factor in #Trump policies weakening economy: anti-#immigration, #GOPTaxScam, incr #nationaldebt,\xe2\x80\xa6 https://t.co/atcOgHbhR1'"
2018-05-11 14:30:43,b'@KevinMKruse Thanks for tweeting out my site on Thomas Nast! I was wondering why my WordPress stats exploded today! #immigration #Irish'
2018-05-11 14:25:45,"b'This is my grandfather, Maj. (and Dr.) Herbert M. Levenson in the AAC during WWII, son and grandson of Russian/Lith\xe2\x80\xa6 https://t.co/3fZMWcJkeE'"
2018-05-11 14:16:36,"b'Damn, this is such a stale \xe2\x80\x9cargument\xe2\x80\x9d.  Old white guy idealism needs to go...#WhitePrivilege #immigrants #AmericaNow https://t.co/K9EYVNXDDI'"
2018-05-11 14:15:09,"b""For Mother's Day this year, how about skipping restaurants and instead sitting as families outside of ICE offices o\xe2\x80\xa6 https://t.co/GHVkByGmiV"""
2018-05-11 13:51:43,"b""@CNNPolitics But they can pick fruit and crabs. It doesn't seem that American's are will to do the jobs #Immigrants do."""
2018-05-11 13:02:54,b'#California \n#FixCalifornia \n#BuildTheWall \n#VOTEMAGA midterms https://t.co/jXuUswUkmn'
2018-05-11 12:59:37,b'#JohnKelly you ridiculous transparent POS. Did you forget you are shanty Irish? Trump is grandchild of a German. We\xe2\x80\xa6 https://t.co/x5XvkK5sfO'
2018-05-11 12:30:20,b'#KirstjenNielsen @DHSgov your policy to separate undocumented parents from their children has earned you a special\xe2\x80\xa6 https://t.co/HVZNjaUqiZ'
2018-05-11 12:26:07,b'@ScottPresler New voting block after #BlueWallOfBullSh*tCrumbled bring them in #IllegalAliens pretend to care give\xe2\x80\xa6 https://t.co/JvA3hKtcOs'
2018-05-11 12:25:49,"b'@RepSeanMaloney @SenSchumer @SenGillibrand, Want perm retro #TaxCuts #VeteranChoice #BuildTheWall #2A #NoGunControl\xe2\x80\xa6 https://t.co/ADEDMOg5wq'"
2018-05-11 12:15:54,b'The #Andorran investment scheme for resettlement has the following advantages compared to the other similar Europea\xe2\x80\xa6 https://t.co/SQcOLTd2lO'
2018-05-11 12:07:49,b'@1Romans58 @KDScioscia @BreitbartTexas Congress it\xe2\x80\x99s time to fix the loopholes! #ImmigrationReform @SenateGOP @HouseGOP'
2018-05-11 11:58:31,b'A separate White House official confirmed that Trump exploded over #immigration in front of the Cabinet. The offici\xe2\x80\xa6 https://t.co/b8zdAgBgzC'
2018-05-11 11:38:39,"b'@thehill Maybe Mr. Kelly should try working as a migrant farmer, a mechanic, or literally any other diffult job tha\xe2\x80\xa6 https://t.co/dd9KEoUO66'"
2018-05-11 11:37:41,b'Lots of orange and blue streaks in my tree! Orioles and Buntings galore! #spring #migration https://t.co/RDVfejpqKF'
2018-05-11 11:36:21,b'Congratulations to the @HPHLegalAid. Great event supporting those in need of free legal services. #Immigration\xe2\x80\xa6 https://t.co/0Pg6vC1ijF'
2018-05-11 10:37:38,b'GOP leaders appeared to have slowed the rebellion. Only one additional Republican \xe2\x80\x94 Rep. Steve Knight of California\xe2\x80\xa6 https://t.co/NmxWiiX2yz'
2018-05-11 09:50:57,b'A federal proposal would penalize #immigrants who use #publicbenefits by expansion of its definition https://t.co/VyUgRHjyAc'
2018-05-11 05:45:53,b'@goofballgeorge @JacquiByron @LCTARS17 @lovelivingMAGA @madeurfavorite @MarleneKeener @MaryAnnCarnes @mcarrington\xe2\x80\xa6 https://t.co/eJoE3o9BeS'
2018-05-11 05:27:40,b'@RealJack @DeploraBIL Synonymous:: \n#Democrats\n#LaborParty\n#ShadowGovernment\n#AmericaHaters\n#FakePolititions\xe2\x80\xa6 https://t.co/pe9Zgaoseg'
2018-05-11 04:25:13,b'When you go to bed do you you lock your doors and windows to keep your family safe? #BuildTheWall'
2018-05-11 03:47:25,b'@MsTrangTruong @YMCACharlotte @Charlotte_Intl @WelcomingUSA @GlobalTomV @nicogourdet @GlobalYMCA @dandamex\xe2\x80\xa6 https://t.co/yt7OuemKGh'
2018-05-11 03:33:29,"b'Oh my! Friends, get on the \xf0\x9f\x93\x9e! The diminished OELA (formerly OBEMLA) is better than nothing. Years of advocacy, bloo\xe2\x80\xa6 https://t.co/kAka53TQk9'"
2018-05-11 03:31:51,b'\xf0\x9f\x8d\xb9\xf0\x9f\x8d\xb8\xf0\x9f\xa5\x82\xf0\x9f\x8d\xbe\xf0\x9f\x8d\xbbCHEERS TO ANOTHER PHENOMENAL SPEECH FROM OUR WONDERFUL POTUS\xe2\x9d\xa4\xe2\x9d\xa4 #MAGA #GodblessAmerica #Trump2020 #BuildTheWall https://t.co/gwY5BDqLI4'
2018-05-11 02:30:07,"b'@JamesODonnellNY, Want perm #TaxCuts #BuildTheWall #2A #NoGunControl #NoAmnesty #ImmigrationReform #NoVisaLottery\xe2\x80\xa6 https://t.co/6kec69V3Hd'"
2018-05-11 02:05:53,"b'Thrilled to learn about Ana Raquel Minian\xe2\x80\x98s work re lives of undocumented Mexican migrants, their circular migratio\xe2\x80\xa6 https://t.co/A8LgGcgQRh'"
2018-05-11 01:48:13,"b'#KirstjenNielsen, who is a prot\xc3\xa9g\xc3\xa9e of John F. Kelly, White House chief of staff, has drafted a resignation letter\xe2\x80\xa6 https://t.co/jq2nncRcb5'"
2018-05-11 01:43:30,"b""curious if trump cult is freaking out that americans released from north korea needed an interpreter. i'm sure\xe2\x80\xa6 https://t.co/IypjxDZa3C"""
2018-05-11 01:41:33,"b'#JohnKelly: ""I think we should fold all of the #TPS people that have been here for a considerable period of time an\xe2\x80\xa6 https://t.co/UFCNFPrHiE'"
2018-05-11 01:05:22,b'@RepAdamSchiff @SpiritualDiabet Rep. Schiff has a role to play b/c #Congress has not passed comprehensive\xe2\x80\xa6 https://t.co/Vc45o4HhuO'
2018-05-11 01:02:51,b'@Fuctupmind This is great!! LOLOLOL LOLOL!!\n#BuildtheWall \nAnother one of my favourites..\xf0\x9f\x91\x87\xf0\x9f\x91\x87\xf0\x9f\x91\x87\xf0\x9f\x91\x87\xf0\x9f\x91\x87\xf0\x9f\x91\x87\xf0\x9f\x91\x87\xf0\x9f\x91\x87\xf0\x9f\x91\x87\xf0\x9f\x91\x87\xf0\x9f\x91\x87\xf0\x9f\x91\x87\xf0\x9f\x91\x87\xf0\x9f\x87\xba\xf0\x9f\x87\xb8\xf0\x9f\x87\xba\xf0\x9f\x87\xb8 https://t.co/y4Ytnw3Y8z'
2018-05-11 00:59:16,b'@ElliottRHams @pambesteder Glad you figured out what the #TrumpTrain has known all along! #KAG #MAGA #WINNING\xe2\x80\xa6 https://t.co/5jh9xhyNqu'
2018-05-11 00:45:02,b'#brockton @MayorBillCarp guest lecturer at #Immigration Dialogue  Series funded by Eastern Bank Foundation.\xe2\x80\xa6 https://t.co/VSFSuvWsyR'
2018-05-11 00:28:14,b'@POTUS there are only two promises left to fulfill. \n1. #BuildTheWall (Completely)\n2. #LOCKHERUP\n\nTime to #FinishTheList #MAGA2018 #KAG2020'
2018-05-11 00:19:59,b'Osprey News: NJ\xe2\x80\x99s oldest osprey returns home from winter flight https://t.co/TL7ljfCiOD @Ospreytrax #ospreys\xe2\x80\xa6 https://t.co/wUnEYnwqlY'
2018-05-11 00:16:38,b'@ColumbiaBugle #Snowflakes during a #TrumpRally #MAGA #TrumpNation #PatriotsUnite #RedWaveRising #DeplorablesVote\xe2\x80\xa6 https://t.co/CtLuxTvG2C'
2018-05-11 00:15:22,b'\xe2\x80\x9cFamily separation\xe2\x80\x9d just sounds like something the villain in a @WaltDisneyCo film would do.  @NYTimes.\xe2\x80\xa6 https://t.co/hSTkewDA4u'
2018-05-11 00:07:39,b'@WiredSources The #LiberalLeft just went off the rails!! #MAGA #TrumpNation #PatriotsUnite #RedWaveRising\xe2\x80\xa6 https://t.co/FwAznosEAP'
2018-05-11 00:02:23,b'Seeking sanctuary in Trump Country https://t.co/Edn2GdzM72 via @PacificStand #immigration'
2018-05-10 23:50:49,b'Red Tidal Wave \xf0\x9f\x8c\x8a is going to smash the now thin blue line!!  #KeepAmericaGreat  #AmericaFirst #AmericanPride\xe2\x80\xa6 https://t.co/7jm6UEs6Dn'
2018-05-10 23:37:16,b'Watching out great president @realDonaldTrump in the state of Indiana #Winning #Hoosiers  #MAGA #America #Patriots\xe2\x80\xa6 https://t.co/p0e6XNEHBj'
